{
  "mu": 4616.04240188172,
  "sigma": 3724.4102310567587
}