feature,group_size,delta_RMSE_g_mean,delta_RMSE_g_std,delta_MAE_g_mean,delta_MAE_g_std,delta_R2_mean,delta_R2_std,baseline_RMSE_g,baseline_MAE_g,baseline_R2
Farm,4,969.0051391601562,189.39815795463775,809.0372863769531,168.7835108784704,-0.5194342195987701,0.12205160595949041,1783.427490234375,1222.188232421875,0.6271572113037109
Harvesting Type,2,406.05537109375,84.85108336478909,373.1625671386719,65.89216384501779,-0.18995148837566375,0.04279419692789316,1783.427490234375,1222.188232421875,0.6271572113037109
Harvesting mechanism,5,388.0037475585938,92.05880047183447,362.89317626953124,73.4755391487485,-0.18087293207645416,0.046737288608127384,1783.427490234375,1222.188232421875,0.6271572113037109
Year,2,86.06497192382812,22.455719232904926,132.50538330078126,19.251886493454936,-0.03691280782222748,0.009878633843844246,1783.427490234375,1222.188232421875,0.6271572113037109
Total Fruit,1,11.281414794921876,7.665470808097578,0.53499755859375,6.555339816021938,-0.00473875105381012,0.00322318633196379,1783.427490234375,1222.188232421875,0.6271572113037109
Stem Height(cm),1,10.79967041015625,18.714848070532316,0.889007568359375,16.178388953854554,-0.0045702576637268065,0.007867713267684456,1783.427490234375,1222.188232421875,0.6271572113037109
No of Branches,1,10.548797607421875,8.963627943473725,2.27569580078125,7.8743420425843045,-0.004433086514472962,0.0037692074400078207,1783.427490234375,1222.188232421875,0.6271572113037109
Speed(ft/sec),1,5.16953125,6.563508845691041,17.112078857421874,5.083090993953655,-0.0021696358919143675,0.002750189564313153,1783.427490234375,1222.188232421875,0.6271572113037109
Total Stems,1,4.6502685546875,4.648847676941144,6.4158447265625,4.687903887101619,-0.001949399709701538,0.0019471258536523368,1783.427490234375,1222.188232421875,0.6271572113037109
