,val_RMSE_g,test_RMSE_g,test_R2
mean,1453.8717407226563,1910.234912109375,0.6632660210132599
std,32.146606752460244,55.21028094653642,0.019355001333359007
